{"cameraMode":{"drawMode":0,"name":"Shaded","section":"Shading Mode"},"sceneLighting":true,"audioPlay":false,"sceneViewState":{"showFog":true,"showMaterialUpdate":true,"showSkybox":true,"showFlares":true,"showImageEffects":true,"showParticleSystems":true},"in2DMode":false,"pivot":{"x":1.830467939376831,"y":0.4901309013366699,"z":2.5565624237060549},"rotation":{"x":0.0901704877614975,"y":-0.019421275705099107,"z":0.0017882217653095723,"w":0.995750367641449},"size":20.39668083190918,"orthographic":false}