{"cameraMode":{"drawMode":0,"name":"Shaded","section":"Shading Mode"},"sceneLighting":true,"audioPlay":false,"sceneViewState":{"showFog":true,"showMaterialUpdate":true,"showSkybox":true,"showFlares":true,"showImageEffects":true,"showParticleSystems":true},"in2DMode":false,"pivot":{"x":-1.2189321517944337,"y":0.15761205554008485,"z":1.0977983474731446},"rotation":{"x":0.0901704877614975,"y":-0.019421275705099107,"z":0.0017882217653095723,"w":0.995750367641449},"size":14.776893615722657,"orthographic":false}